[{"model": "contenttypes.contenttype", "pk": 1, "fields": {"app_label": "admin", "model": "logentry"}}, {"model": "contenttypes.contenttype", "pk": 2, "fields": {"app_label": "auth", "model": "permission"}}, {"model": "contenttypes.contenttype", "pk": 3, "fields": {"app_label": "auth", "model": "group"}}, {"model": "contenttypes.contenttype", "pk": 4, "fields": {"app_label": "auth", "model": "user"}}, {"model": "contenttypes.contenttype", "pk": 5, "fields": {"app_label": "contenttypes", "model": "contenttype"}}, {"model": "contenttypes.contenttype", "pk": 6, "fields": {"app_label": "sessions", "model": "session"}}, {"model": "contenttypes.contenttype", "pk": 7, "fields": {"app_label": "polls", "model": "choice"}}, {"model": "contenttypes.contenttype", "pk": 8, "fields": {"app_label": "polls", "model": "question"}}, {"model": "contenttypes.contenttype", "pk": 9, "fields": {"app_label": "polls", "model": "person"}}, {"model": "contenttypes.contenttype", "pk": 10, "fields": {"app_label": "piano", "model": "users"}}, {"model": "contenttypes.contenttype", "pk": 11, "fields": {"app_label": "piano", "model": "chattable"}}, {"model": "contenttypes.contenttype", "pk": 12, "fields": {"app_label": "piano", "model": "chat_table"}}, {"model": "contenttypes.contenttype", "pk": 13, "fields": {"app_label": "piano", "model": "user_photo"}}, {"model": "contenttypes.contenttype", "pk": 14, "fields": {"app_label": "piano", "model": "membership"}}, {"model": "contenttypes.contenttype", "pk": 15, "fields": {"app_label": "piano", "model": "group"}}, {"model": "contenttypes.contenttype", "pk": 16, "fields": {"app_label": "piano", "model": "person"}}, {"model": "contenttypes.contenttype", "pk": 17, "fields": {"app_label": "piano", "model": "shoplist"}}, {"model": "contenttypes.contenttype", "pk": 18, "fields": {"app_label": "piano", "model": "blog"}}, {"model": "contenttypes.contenttype", "pk": 19, "fields": {"app_label": "piano", "model": "author"}}, {"model": "contenttypes.contenttype", "pk": 20, "fields": {"app_label": "piano", "model": "entry"}}, {"model": "contenttypes.contenttype", "pk": 21, "fields": {"app_label": "piano", "model": "pizza"}}, {"model": "contenttypes.contenttype", "pk": 22, "fields": {"app_label": "piano", "model": "topping"}}, {"model": "contenttypes.contenttype", "pk": 23, "fields": {"app_label": "piano", "model": "student"}}, {"model": "contenttypes.contenttype", "pk": 24, "fields": {"app_label": "piano", "model": "student2"}}, {"model": "contenttypes.contenttype", "pk": 25, "fields": {"app_label": "piano", "model": "shopitems"}}, {"model": "contenttypes.contenttype", "pk": 26, "fields": {"app_label": "piano", "model": "place"}}, {"model": "contenttypes.contenttype", "pk": 27, "fields": {"app_label": "piano", "model": "restaurant"}}, {"model": "contenttypes.contenttype", "pk": 28, "fields": {"app_label": "piano", "model": "book"}}, {"model": "contenttypes.contenttype", "pk": 29, "fields": {"app_label": "piano", "model": "article"}}, {"model": "contenttypes.contenttype", "pk": 30, "fields": {"app_label": "piano", "model": "bookreview"}}, {"model": "contenttypes.contenttype", "pk": 31, "fields": {"app_label": "piano", "model": "usershopitem"}}, {"model": "contenttypes.contenttype", "pk": 32, "fields": {"app_label": "piano", "model": "comments"}}, {"model": "contenttypes.contenttype", "pk": 33, "fields": {"app_label": "piano", "model": "discuss"}}, {"model": "sessions.session", "pk": "0c3087bz4j97dlf484mis5vothk5jrsg", "fields": {"session_data": "NDMxYjIwNzU3ZWViY2E3NDZlNTI4NTc3MTVkM2M3NWUwNWNhNTlkZTp7Il9hdXRoX3VzZXJfaWQiOiIxIiwiX2F1dGhfdXNlcl9iYWNrZW5kIjoiZGphbmdvLmNvbnRyaWIuYXV0aC5iYWNrZW5kcy5Nb2RlbEJhY2tlbmQiLCJfYXV0aF91c2VyX2hhc2giOiI5ZDMxZGQzOWM0Njg5ZDlmYTQ3YzUyNjdmM2U0ZDU3YjFiZmI4ZTY3In0=", "expire_date": "2020-07-01T01:32:23.042Z"}}, {"model": "piano.users", "pk": 1, "fields": {"username": "Ann", "password": "ann123", "job": "F2E", "hobby": "Piano", "guide": "Hello!", "gender": "girl", "country": "Taiwan", "position": "/python_server/photos/Ann.jpg"}}, {"model": "piano.users", "pk": 2, "fields": {"username": "John", "password": "john123", "job": "Teacher", "hobby": "teach", "guide": "Hello", "gender": "boy", "country": "Taiwan", "position": "/python_server/photos/John.jpg"}}, {"model": "piano.users", "pk": 3, "fields": {"username": "Judy", "password": "judy123", "job": "postman", "hobby": "play ball", "guide": "I'm Judy", "gender": "girl", "country": "Japan", "position": "/python_server/photos/Judy.jpg"}}, {"model": "piano.chat_table", "pk": 1, "fields": {"who_send": 1, "who_receive": "John", "message": "Hello", "time": "2020-06-11T05:23:21Z"}}, {"model": "piano.chat_table", "pk": 3, "fields": {"who_send": 1, "who_receive": "Judy", "message": "Hi, Judy", "time": "2020-06-12T15:23:21Z"}}, {"model": "piano.chat_table", "pk": 4, "fields": {"who_send": 3, "who_receive": "Ann", "message": "Hi, Ann", "time": "2020-06-15T08:23:21Z"}}, {"model": "piano.chat_table", "pk": 6, "fields": {"who_send": 3, "who_receive": "John", "message": "It's hot", "time": "2020-06-12T04:30:21Z"}}, {"model": "piano.chat_table", "pk": 8, "fields": {"who_send": 1, "who_receive": "John", "message": "Hello", "time": "2020-06-05T15:23:41Z"}}, {"model": "piano.chat_table", "pk": 9, "fields": {"who_send": 1, "who_receive": "Judy", "message": "Hello! Judy", "time": "2020-06-12T10:23:41Z"}}, {"model": "piano.chat_table", "pk": 10, "fields": {"who_send": 2, "who_receive": "Ann", "message": "Hello, Ann", "time": "2020-06-11T15:23:41Z"}}, {"model": "piano.chat_table", "pk": 11, "fields": {"who_send": 2, "who_receive": "Ann", "message": "I'm good.", "time": "2019-08-11T14:35:49Z"}}, {"model": "piano.chat_table", "pk": 12, "fields": {"who_send": 3, "who_receive": "Ann", "message": "Hi How are you ?", "time": "2020-06-11T20:21:36Z"}}, {"model": "piano.chat_table", "pk": 13, "fields": {"who_send": 3, "who_receive": "John", "message": "I see a room today.", "time": "2020-06-20T13:11:05Z"}}, {"model": "piano.chat_table", "pk": 14, "fields": {"who_send": 2, "who_receive": "Judy", "message": "How is it like ?", "time": "2020-06-30T07:44:19Z"}}, {"model": "piano.chat_table", "pk": 16, "fields": {"who_send": 2, "who_receive": "Ann", "message": "HHHHH", "time": "2020-06-30T07:46:03Z"}}, {"model": "piano.chat_table", "pk": 17, "fields": {"who_send": 1, "who_receive": "John", "message": "OKOK", "time": "2020-06-30T08:20:54Z"}}, {"model": "piano.chat_table", "pk": 24, "fields": {"who_send": 1, "who_receive": "John", "message": "123", "time": "2020-06-30T08:54:24Z"}}, {"model": "piano.shoplist", "pk": 1, "fields": {"item_name": "jack", "img_src": "/image/jacket.jpg", "description": "This is Jack", "price": 300}}, {"model": "piano.shoplist", "pk": 2, "fields": {"item_name": "neckless", "img_src": "/image/necklace.jpg", "description": "This is shoplist items.", "price": 300}}, {"model": "piano.shoplist", "pk": 3, "fields": {"item_name": "shoes", "img_src": "/image/shoes.jpg", "description": "This is shoes.", "price": 900}}, {"model": "piano.shoplist", "pk": 4, "fields": {"item_name": "sweater", "img_src": "/image/sweater.jpg", "description": "This is sweater.", "price": 700}}, {"model": "piano.shoplist", "pk": 5, "fields": {"item_name": "coat", "img_src": "/image/coat.jpg", "description": "This is coat.", "price": 1100}}, {"model": "piano.usershopitem", "pk": 1, "fields": {"users": 1, "shoplist": 1, "color": "pink", "size": "L"}}, {"model": "piano.usershopitem", "pk": 2, "fields": {"users": 1, "shoplist": 2, "color": "pink", "size": "L"}}, {"model": "piano.usershopitem", "pk": 3, "fields": {"users": 2, "shoplist": 3, "color": "pink", "size": "L"}}, {"model": "piano.usershopitem", "pk": 4, "fields": {"users": 3, "shoplist": 4, "color": "pink", "size": "L"}}, {"model": "piano.usershopitem", "pk": 5, "fields": {"users": 2, "shoplist": 4, "color": "pink", "size": "L"}}, {"model": "piano.usershopitem", "pk": 6, "fields": {"users": 3, "shoplist": 1, "color": "pink", "size": "L"}}, {"model": "piano.usershopitem", "pk": 7, "fields": {"users": 2, "shoplist": 5, "color": "pink", "size": "L"}}, {"model": "piano.usershopitem", "pk": 8, "fields": {"users": 1, "shoplist": 4, "color": "pink", "size": "L"}}, {"model": "piano.usershopitem", "pk": 9, "fields": {"users": 3, "shoplist": 5, "color": "pink", "size": "L"}}, {"model": "piano.usershopitem", "pk": 10, "fields": {"users": 1, "shoplist": 2, "color": "pink", "size": "L"}}, {"model": "piano.usershopitem", "pk": 11, "fields": {"users": 2, "shoplist": 3, "color": "blue", "size": "M"}}, {"model": "piano.usershopitem", "pk": 12, "fields": {"users": 3, "shoplist": 3, "color": "pink", "size": "M"}}, {"model": "piano.usershopitem", "pk": 13, "fields": {"users": 3, "shoplist": 5, "color": "blue", "size": "L"}}, {"model": "piano.usershopitem", "pk": 14, "fields": {"users": 1, "shoplist": 1, "color": "pink", "size": "M"}}, {"model": "piano.usershopitem", "pk": 15, "fields": {"users": 3, "shoplist": 3, "color": "pink", "size": "M"}}, {"model": "piano.usershopitem", "pk": 16, "fields": {"users": 3, "shoplist": 5, "color": "blue", "size": "L"}}, {"model": "piano.discuss", "pk": 1, "fields": {"user": 1, "discuss_type": "music", "title": "Popular Songs", "content": "This is a list of songs that have peaked at number one on the Billboard Hot 100 and the magazine's national singles charts that preceded it.", "time": "2020-05-11T05:28:31Z"}}, {"model": "piano.discuss", "pk": 2, "fields": {"user": 3, "discuss_type": "finance", "title": "stock", "content": "I love play Stock. And you ?", "time": "2020-03-25T08:35:21Z"}}, {"model": "piano.discuss", "pk": 3, "fields": {"user": 2, "discuss_type": "sports", "title": "tennis", "content": "I love play tennis. And you ?", "time": "2020-04-11T15:07:21Z"}}, {"model": "piano.discuss", "pk": 4, "fields": {"user": 1, "discuss_type": "entertainments", "title": "pop stars", "content": "I love play Jay. And you ?", "time": "2020-06-25T15:07:21Z"}}, {"model": "piano.discuss", "pk": 6, "fields": {"user": 2, "discuss_type": "music", "title": "Slow songs", "content": "I love slow songs. And you ?", "time": "2020-01-25T17:07:21Z"}}, {"model": "piano.discuss", "pk": 7, "fields": {"user": 3, "discuss_type": "sports", "title": "FootBall", "content": "Football is a family of team sports that involve, to varying degrees, kicking a ball to score a goal. Unqualified, the word football normally means the form of football that is the most popular where the word is used.", "time": "2020-02-18T18:07:21Z"}}, {"model": "piano.discuss", "pk": 8, "fields": {"user": 1, "discuss_type": "music", "title": "Jazz", "content": "Jazz is good", "time": "2020-02-23T12:20:34Z"}}, {"model": "piano.discuss", "pk": 9, "fields": {"user": 1, "discuss_type": "entertainment", "title": "Show", "content": "Welcome to see the show!", "time": "2020-06-24T06:19:33Z"}}, {"model": "piano.comments", "pk": 1, "fields": {"user": 1, "discuss": 1, "comments": "This is good!", "time": "2020-05-21T16:54:31Z"}}, {"model": "piano.comments", "pk": 2, "fields": {"user": 2, "discuss": 2, "comments": "Hi", "time": "2020-06-05T11:12:40Z"}}, {"model": "piano.comments", "pk": 3, "fields": {"user": 3, "discuss": 3, "comments": "Hello!", "time": "2020-06-04T14:23:16Z"}}, {"model": "piano.comments", "pk": 4, "fields": {"user": 1, "discuss": 9, "comments": "It's good!", "time": "2020-06-24T06:35:33Z"}}, {"model": "piano.comments", "pk": 5, "fields": {"user": 1, "discuss": 1, "comments": "I Love This!", "time": "2020-06-24T07:17:39Z"}}, {"model": "auth.permission", "pk": 1, "fields": {"name": "Can add log entry", "content_type": 1, "codename": "add_logentry"}}, {"model": "auth.permission", "pk": 2, "fields": {"name": "Can change log entry", "content_type": 1, "codename": "change_logentry"}}, {"model": "auth.permission", "pk": 3, "fields": {"name": "Can delete log entry", "content_type": 1, "codename": "delete_logentry"}}, {"model": "auth.permission", "pk": 4, "fields": {"name": "Can view log entry", "content_type": 1, "codename": "view_logentry"}}, {"model": "auth.permission", "pk": 5, "fields": {"name": "Can add permission", "content_type": 2, "codename": "add_permission"}}, {"model": "auth.permission", "pk": 6, "fields": {"name": "Can change permission", "content_type": 2, "codename": "change_permission"}}, {"model": "auth.permission", "pk": 7, "fields": {"name": "Can delete permission", "content_type": 2, "codename": "delete_permission"}}, {"model": "auth.permission", "pk": 8, "fields": {"name": "Can view permission", "content_type": 2, "codename": "view_permission"}}, {"model": "auth.permission", "pk": 9, "fields": {"name": "Can add group", "content_type": 3, "codename": "add_group"}}, {"model": "auth.permission", "pk": 10, "fields": {"name": "Can change group", "content_type": 3, "codename": "change_group"}}, {"model": "auth.permission", "pk": 11, "fields": {"name": "Can delete group", "content_type": 3, "codename": "delete_group"}}, {"model": "auth.permission", "pk": 12, "fields": {"name": "Can view group", "content_type": 3, "codename": "view_group"}}, {"model": "auth.permission", "pk": 13, "fields": {"name": "Can add user", "content_type": 4, "codename": "add_user"}}, {"model": "auth.permission", "pk": 14, "fields": {"name": "Can change user", "content_type": 4, "codename": "change_user"}}, {"model": "auth.permission", "pk": 15, "fields": {"name": "Can delete user", "content_type": 4, "codename": "delete_user"}}, {"model": "auth.permission", "pk": 16, "fields": {"name": "Can view user", "content_type": 4, "codename": "view_user"}}, {"model": "auth.permission", "pk": 17, "fields": {"name": "Can add content type", "content_type": 5, "codename": "add_contenttype"}}, {"model": "auth.permission", "pk": 18, "fields": {"name": "Can change content type", "content_type": 5, "codename": "change_contenttype"}}, {"model": "auth.permission", "pk": 19, "fields": {"name": "Can delete content type", "content_type": 5, "codename": "delete_contenttype"}}, {"model": "auth.permission", "pk": 20, "fields": {"name": "Can view content type", "content_type": 5, "codename": "view_contenttype"}}, {"model": "auth.permission", "pk": 21, "fields": {"name": "Can add session", "content_type": 6, "codename": "add_session"}}, {"model": "auth.permission", "pk": 22, "fields": {"name": "Can change session", "content_type": 6, "codename": "change_session"}}, {"model": "auth.permission", "pk": 23, "fields": {"name": "Can delete session", "content_type": 6, "codename": "delete_session"}}, {"model": "auth.permission", "pk": 24, "fields": {"name": "Can view session", "content_type": 6, "codename": "view_session"}}, {"model": "auth.permission", "pk": 25, "fields": {"name": "Can add choice", "content_type": 7, "codename": "add_choice"}}, {"model": "auth.permission", "pk": 26, "fields": {"name": "Can change choice", "content_type": 7, "codename": "change_choice"}}, {"model": "auth.permission", "pk": 27, "fields": {"name": "Can delete choice", "content_type": 7, "codename": "delete_choice"}}, {"model": "auth.permission", "pk": 28, "fields": {"name": "Can view choice", "content_type": 7, "codename": "view_choice"}}, {"model": "auth.permission", "pk": 29, "fields": {"name": "Can add question", "content_type": 8, "codename": "add_question"}}, {"model": "auth.permission", "pk": 30, "fields": {"name": "Can change question", "content_type": 8, "codename": "change_question"}}, {"model": "auth.permission", "pk": 31, "fields": {"name": "Can delete question", "content_type": 8, "codename": "delete_question"}}, {"model": "auth.permission", "pk": 32, "fields": {"name": "Can view question", "content_type": 8, "codename": "view_question"}}, {"model": "auth.permission", "pk": 33, "fields": {"name": "Can add person", "content_type": 9, "codename": "add_person"}}, {"model": "auth.permission", "pk": 34, "fields": {"name": "Can change person", "content_type": 9, "codename": "change_person"}}, {"model": "auth.permission", "pk": 35, "fields": {"name": "Can delete person", "content_type": 9, "codename": "delete_person"}}, {"model": "auth.permission", "pk": 36, "fields": {"name": "Can view person", "content_type": 9, "codename": "view_person"}}, {"model": "auth.permission", "pk": 37, "fields": {"name": "Can add users", "content_type": 10, "codename": "add_users"}}, {"model": "auth.permission", "pk": 38, "fields": {"name": "Can change users", "content_type": 10, "codename": "change_users"}}, {"model": "auth.permission", "pk": 39, "fields": {"name": "Can delete users", "content_type": 10, "codename": "delete_users"}}, {"model": "auth.permission", "pk": 40, "fields": {"name": "Can view users", "content_type": 10, "codename": "view_users"}}, {"model": "auth.permission", "pk": 41, "fields": {"name": "Can add chat table", "content_type": 11, "codename": "add_chattable"}}, {"model": "auth.permission", "pk": 42, "fields": {"name": "Can change chat table", "content_type": 11, "codename": "change_chattable"}}, {"model": "auth.permission", "pk": 43, "fields": {"name": "Can delete chat table", "content_type": 11, "codename": "delete_chattable"}}, {"model": "auth.permission", "pk": 44, "fields": {"name": "Can view chat table", "content_type": 11, "codename": "view_chattable"}}, {"model": "auth.permission", "pk": 45, "fields": {"name": "Can add chat_ table", "content_type": 12, "codename": "add_chat_table"}}, {"model": "auth.permission", "pk": 46, "fields": {"name": "Can change chat_ table", "content_type": 12, "codename": "change_chat_table"}}, {"model": "auth.permission", "pk": 47, "fields": {"name": "Can delete chat_ table", "content_type": 12, "codename": "delete_chat_table"}}, {"model": "auth.permission", "pk": 48, "fields": {"name": "Can view chat_ table", "content_type": 12, "codename": "view_chat_table"}}, {"model": "auth.permission", "pk": 49, "fields": {"name": "Can add user_ photo", "content_type": 13, "codename": "add_user_photo"}}, {"model": "auth.permission", "pk": 50, "fields": {"name": "Can change user_ photo", "content_type": 13, "codename": "change_user_photo"}}, {"model": "auth.permission", "pk": 51, "fields": {"name": "Can delete user_ photo", "content_type": 13, "codename": "delete_user_photo"}}, {"model": "auth.permission", "pk": 52, "fields": {"name": "Can view user_ photo", "content_type": 13, "codename": "view_user_photo"}}, {"model": "auth.permission", "pk": 53, "fields": {"name": "Can add membership", "content_type": 14, "codename": "add_membership"}}, {"model": "auth.permission", "pk": 54, "fields": {"name": "Can change membership", "content_type": 14, "codename": "change_membership"}}, {"model": "auth.permission", "pk": 55, "fields": {"name": "Can delete membership", "content_type": 14, "codename": "delete_membership"}}, {"model": "auth.permission", "pk": 56, "fields": {"name": "Can view membership", "content_type": 14, "codename": "view_membership"}}, {"model": "auth.permission", "pk": 57, "fields": {"name": "Can add group", "content_type": 15, "codename": "add_group"}}, {"model": "auth.permission", "pk": 58, "fields": {"name": "Can change group", "content_type": 15, "codename": "change_group"}}, {"model": "auth.permission", "pk": 59, "fields": {"name": "Can delete group", "content_type": 15, "codename": "delete_group"}}, {"model": "auth.permission", "pk": 60, "fields": {"name": "Can view group", "content_type": 15, "codename": "view_group"}}, {"model": "auth.permission", "pk": 61, "fields": {"name": "Can add person", "content_type": 16, "codename": "add_person"}}, {"model": "auth.permission", "pk": 62, "fields": {"name": "Can change person", "content_type": 16, "codename": "change_person"}}, {"model": "auth.permission", "pk": 63, "fields": {"name": "Can delete person", "content_type": 16, "codename": "delete_person"}}, {"model": "auth.permission", "pk": 64, "fields": {"name": "Can view person", "content_type": 16, "codename": "view_person"}}, {"model": "auth.permission", "pk": 65, "fields": {"name": "Can add shop list", "content_type": 17, "codename": "add_shoplist"}}, {"model": "auth.permission", "pk": 66, "fields": {"name": "Can change shop list", "content_type": 17, "codename": "change_shoplist"}}, {"model": "auth.permission", "pk": 67, "fields": {"name": "Can delete shop list", "content_type": 17, "codename": "delete_shoplist"}}, {"model": "auth.permission", "pk": 68, "fields": {"name": "Can view shop list", "content_type": 17, "codename": "view_shoplist"}}, {"model": "auth.permission", "pk": 69, "fields": {"name": "Can add blog", "content_type": 18, "codename": "add_blog"}}, {"model": "auth.permission", "pk": 70, "fields": {"name": "Can change blog", "content_type": 18, "codename": "change_blog"}}, {"model": "auth.permission", "pk": 71, "fields": {"name": "Can delete blog", "content_type": 18, "codename": "delete_blog"}}, {"model": "auth.permission", "pk": 72, "fields": {"name": "Can view blog", "content_type": 18, "codename": "view_blog"}}, {"model": "auth.permission", "pk": 73, "fields": {"name": "Can add author", "content_type": 19, "codename": "add_author"}}, {"model": "auth.permission", "pk": 74, "fields": {"name": "Can change author", "content_type": 19, "codename": "change_author"}}, {"model": "auth.permission", "pk": 75, "fields": {"name": "Can delete author", "content_type": 19, "codename": "delete_author"}}, {"model": "auth.permission", "pk": 76, "fields": {"name": "Can view author", "content_type": 19, "codename": "view_author"}}, {"model": "auth.permission", "pk": 77, "fields": {"name": "Can add entry", "content_type": 20, "codename": "add_entry"}}, {"model": "auth.permission", "pk": 78, "fields": {"name": "Can change entry", "content_type": 20, "codename": "change_entry"}}, {"model": "auth.permission", "pk": 79, "fields": {"name": "Can delete entry", "content_type": 20, "codename": "delete_entry"}}, {"model": "auth.permission", "pk": 80, "fields": {"name": "Can view entry", "content_type": 20, "codename": "view_entry"}}, {"model": "auth.permission", "pk": 81, "fields": {"name": "Can add pizza", "content_type": 21, "codename": "add_pizza"}}, {"model": "auth.permission", "pk": 82, "fields": {"name": "Can change pizza", "content_type": 21, "codename": "change_pizza"}}, {"model": "auth.permission", "pk": 83, "fields": {"name": "Can delete pizza", "content_type": 21, "codename": "delete_pizza"}}, {"model": "auth.permission", "pk": 84, "fields": {"name": "Can view pizza", "content_type": 21, "codename": "view_pizza"}}, {"model": "auth.permission", "pk": 85, "fields": {"name": "Can add topping", "content_type": 22, "codename": "add_topping"}}, {"model": "auth.permission", "pk": 86, "fields": {"name": "Can change topping", "content_type": 22, "codename": "change_topping"}}, {"model": "auth.permission", "pk": 87, "fields": {"name": "Can delete topping", "content_type": 22, "codename": "delete_topping"}}, {"model": "auth.permission", "pk": 88, "fields": {"name": "Can view topping", "content_type": 22, "codename": "view_topping"}}, {"model": "auth.permission", "pk": 89, "fields": {"name": "Can add student", "content_type": 23, "codename": "add_student"}}, {"model": "auth.permission", "pk": 90, "fields": {"name": "Can change student", "content_type": 23, "codename": "change_student"}}, {"model": "auth.permission", "pk": 91, "fields": {"name": "Can delete student", "content_type": 23, "codename": "delete_student"}}, {"model": "auth.permission", "pk": 92, "fields": {"name": "Can view student", "content_type": 23, "codename": "view_student"}}, {"model": "auth.permission", "pk": 93, "fields": {"name": "Can add student2", "content_type": 24, "codename": "add_student2"}}, {"model": "auth.permission", "pk": 94, "fields": {"name": "Can change student2", "content_type": 24, "codename": "change_student2"}}, {"model": "auth.permission", "pk": 95, "fields": {"name": "Can delete student2", "content_type": 24, "codename": "delete_student2"}}, {"model": "auth.permission", "pk": 96, "fields": {"name": "Can view student2", "content_type": 24, "codename": "view_student2"}}, {"model": "auth.permission", "pk": 97, "fields": {"name": "Can add shop items", "content_type": 25, "codename": "add_shopitems"}}, {"model": "auth.permission", "pk": 98, "fields": {"name": "Can change shop items", "content_type": 25, "codename": "change_shopitems"}}, {"model": "auth.permission", "pk": 99, "fields": {"name": "Can delete shop items", "content_type": 25, "codename": "delete_shopitems"}}, {"model": "auth.permission", "pk": 100, "fields": {"name": "Can view shop items", "content_type": 25, "codename": "view_shopitems"}}, {"model": "auth.permission", "pk": 101, "fields": {"name": "Can add place", "content_type": 26, "codename": "add_place"}}, {"model": "auth.permission", "pk": 102, "fields": {"name": "Can change place", "content_type": 26, "codename": "change_place"}}, {"model": "auth.permission", "pk": 103, "fields": {"name": "Can delete place", "content_type": 26, "codename": "delete_place"}}, {"model": "auth.permission", "pk": 104, "fields": {"name": "Can view place", "content_type": 26, "codename": "view_place"}}, {"model": "auth.permission", "pk": 105, "fields": {"name": "Can add restaurant", "content_type": 27, "codename": "add_restaurant"}}, {"model": "auth.permission", "pk": 106, "fields": {"name": "Can change restaurant", "content_type": 27, "codename": "change_restaurant"}}, {"model": "auth.permission", "pk": 107, "fields": {"name": "Can delete restaurant", "content_type": 27, "codename": "delete_restaurant"}}, {"model": "auth.permission", "pk": 108, "fields": {"name": "Can view restaurant", "content_type": 27, "codename": "view_restaurant"}}, {"model": "auth.permission", "pk": 109, "fields": {"name": "Can add book", "content_type": 28, "codename": "add_book"}}, {"model": "auth.permission", "pk": 110, "fields": {"name": "Can change book", "content_type": 28, "codename": "change_book"}}, {"model": "auth.permission", "pk": 111, "fields": {"name": "Can delete book", "content_type": 28, "codename": "delete_book"}}, {"model": "auth.permission", "pk": 112, "fields": {"name": "Can view book", "content_type": 28, "codename": "view_book"}}, {"model": "auth.permission", "pk": 113, "fields": {"name": "Can add article", "content_type": 29, "codename": "add_article"}}, {"model": "auth.permission", "pk": 114, "fields": {"name": "Can change article", "content_type": 29, "codename": "change_article"}}, {"model": "auth.permission", "pk": 115, "fields": {"name": "Can delete article", "content_type": 29, "codename": "delete_article"}}, {"model": "auth.permission", "pk": 116, "fields": {"name": "Can view article", "content_type": 29, "codename": "view_article"}}, {"model": "auth.permission", "pk": 117, "fields": {"name": "Can add book review", "content_type": 30, "codename": "add_bookreview"}}, {"model": "auth.permission", "pk": 118, "fields": {"name": "Can change book review", "content_type": 30, "codename": "change_bookreview"}}, {"model": "auth.permission", "pk": 119, "fields": {"name": "Can delete book review", "content_type": 30, "codename": "delete_bookreview"}}, {"model": "auth.permission", "pk": 120, "fields": {"name": "Can view book review", "content_type": 30, "codename": "view_bookreview"}}, {"model": "auth.permission", "pk": 121, "fields": {"name": "Can add user shop item", "content_type": 31, "codename": "add_usershopitem"}}, {"model": "auth.permission", "pk": 122, "fields": {"name": "Can change user shop item", "content_type": 31, "codename": "change_usershopitem"}}, {"model": "auth.permission", "pk": 123, "fields": {"name": "Can delete user shop item", "content_type": 31, "codename": "delete_usershopitem"}}, {"model": "auth.permission", "pk": 124, "fields": {"name": "Can view user shop item", "content_type": 31, "codename": "view_usershopitem"}}, {"model": "auth.permission", "pk": 125, "fields": {"name": "Can add comments", "content_type": 32, "codename": "add_comments"}}, {"model": "auth.permission", "pk": 126, "fields": {"name": "Can change comments", "content_type": 32, "codename": "change_comments"}}, {"model": "auth.permission", "pk": 127, "fields": {"name": "Can delete comments", "content_type": 32, "codename": "delete_comments"}}, {"model": "auth.permission", "pk": 128, "fields": {"name": "Can view comments", "content_type": 32, "codename": "view_comments"}}, {"model": "auth.permission", "pk": 129, "fields": {"name": "Can add discuss", "content_type": 33, "codename": "add_discuss"}}, {"model": "auth.permission", "pk": 130, "fields": {"name": "Can change discuss", "content_type": 33, "codename": "change_discuss"}}, {"model": "auth.permission", "pk": 131, "fields": {"name": "Can delete discuss", "content_type": 33, "codename": "delete_discuss"}}, {"model": "auth.permission", "pk": 132, "fields": {"name": "Can view discuss", "content_type": 33, "codename": "view_discuss"}}, {"model": "auth.user", "pk": 1, "fields": {"password": "pbkdf2_sha256$180000$DVZh5oTKhow5$Bk2CbOeHnPXxjr/s4z9vszOAxDB3A61finl8WgF49QI=", "last_login": "2020-06-17T01:32:23.038Z", "is_superuser": true, "username": "admin", "first_name": "", "last_name": "", "email": "admin@example.com", "is_staff": true, "is_active": true, "date_joined": "2020-06-17T01:30:45.322Z", "groups": [], "user_permissions": []}}, {"model": "admin.logentry", "pk": 1, "fields": {"action_time": "2020-06-17T01:41:30.989Z", "user": 1, "content_type": 8, "object_id": "1", "object_repr": "What's up?", "action_flag": 2, "change_message": "[{\"changed\": {\"fields\": [\"Date published\"]}}]"}}]